code,close_604,close_605,ret_1d
000157,513000.0,490500.0,-0.04385964912280704
03473K,402500.0,370000.0,-0.08074534161490687
003650,122100.0,121300.0,-0.006552006552006606
006405,266000.0,245000.0,-0.07894736842105265
058650,157800.0,143500.0,-0.09062103929024079
071055,172400.0,168800.0,-0.02088167053364265
000155,647000.0,610000.0,-0.057187017001545604
065710,41300.0,40100.0,-0.029055690072639195
052330,10920.0,10950.0,0.0027472527472527375
005389,252500.0,247500.0,-0.01980198019801982
