{
  "version": "v4_STEP3",
  "base_regime": "regime_v4_step2_v21.parquet",
  "transition_matrix": {
    "0": {
      "0": 0.799831081081081,
      "1": 0.0,
      "2": 0.14273648648648649,
      "3": 0.057432432432432436
    },
    "1": {
      "0": 0.0,
      "1": 0.8421052631578947,
      "2": 0.039473684210526314,
      "3": 0.11842105263157894
    },
    "2": {
      "0": 0.23125,
      "1": 0.0025,
      "2": 0.65375,
      "3": 0.1125
    },
    "3": {
      "0": 0.2056451612903226,
      "1": 0.04435483870967742,
      "2": 0.42338709677419356,
      "3": 0.32661290322580644
    }
  },
  "stay_probability": {
    "0": 0.799831081081081,
    "1": 0.8421052631578947,
    "2": 0.65375,
    "3": 0.32661290322580644
  },
  "regime_class": {
    "0": "PERSISTENT",
    "1": "PERSISTENT",
    "2": "MIDDLE",
    "3": "SWITCHING"
  },
  "expected_holding_period_days": {
    "0": 4.995780590717298,
    "1": 6.333333333333331,
    "2": 2.8880866425992786,
    "3": 1.4850299401197606
  },
  "stationary_distribution": {
    "0": 0.510485746749679,
    "1": 0.03572084223242842,
    "2": 0.34614398276955943,
    "3": 0.1076494282483331
  },
  "empirical_distribution": {
    "0": 0.51277609354699,
    "1": 0.03334776959722824,
    "2": 0.34647033347769596,
    "3": 0.10740580337808575
  },
  "eigenvalues_abs": [
    0.9999999999999998,
    0.8451886488745454,
    0.5649687021075338,
    0.21214189648270332
  ],
  "mixing_time_days": 5.945464980971809,
  "created_ts": 1780956984.9870613
}