{
  "version": "v4_STEP2",
  "method": "KMeans",
  "k": 4,
  "random_state": 42,
  "n_init": 10,
  "inertia": 87092.10684009982,
  "silhouette": 0.9258353116687171,
  "features": [
    "M1",
    "M2",
    "M3",
    "M4",
    "M5",
    "M6",
    "M7",
    "M8",
    "M9",
    "M10",
    "M11",
    "M15",
    "M16",
    "M17",
    "M18",
    "M19",
    "M17_missing",
    "M19_missing",
    "M16_expiry_flag"
  ],
  "nan_handling": "median_fill (axes only)",
  "medians": {
    "M1": 17.59,
    "M2": -0.24,
    "M3": 2.313,
    "M4": 5.402,
    "M5": -17128.0,
    "M6": 1709.0,
    "M7": -5866.0,
    "M8": -6014.0,
    "M9": -15690.0,
    "M10": 13532.0,
    "M11": 36360.0,
    "M15": 0.35000000000002274,
    "M16": -2.730000000000018,
    "M17": 0.04999999999999716,
    "M18": 0.9733562516863132,
    "M19": 0.9687581699346406
  },
  "scaling": "RobustScaler",
  "base_axis_file": "data/state/axis_raw/axis_raw_v20.parquet",
  "base_head": "4a14ac0",
  "cluster_sizes": {
    "0": 2245,
    "1": 37,
    "2": 4,
    "3": 23
  },
  "cluster_pct": {
    "0": 0.9723,
    "1": 0.016,
    "2": 0.0017,
    "3": 0.01
  },
  "run_length_mean": 36.65079365079365,
  "run_length_median": 3.0,
  "created_ts": 1780956317.4147575
}